{"schemaVersion":"1.0","appDefinitionTemplate":{"id":"/providers/Microsoft.PowerApps/apps/","type":"Microsoft.PowerApps/apps","tags":{"primaryDeviceWidth":"1366","primaryDeviceHeight":"768","supportsPortrait":"true","supportsLandscape":"true","primaryFormFactor":"Tablet","publisherVersion":"3.22083.18","minimumRequiredApiVersion":"2.2.0","hasComponent":"false","hasUnlockedComponent":"false","isUnifiedRootApp":"false","sienaVersion":"20220906T223554Z-3.22083.18.0"},"properties":{"appVersion":"2022-09-06T22:35:54Z","lifeCycleId":"Published","createdByClientVersion":{"major":3,"minor":22083,"build":18,"revision":0,"majorRevision":0,"minorRevision":0},"minClientVersion":{"major":3,"minor":22083,"build":18,"revision":0,"majorRevision":0,"minorRevision":0},"backgroundColor":"rgba(0, 0, 0, 1)","backgroundImageUri":"/15872077052334349239/Nf1b54d20-16ae-4f37-bf1d-36e731edbf0b-logoSmallFile","displayName":"Machine Ordering App","description":"","commitMessage":"","appUris":{"documentUri":{"value":"/15872077052334349239/N16d310e2-de85-46bb-83d3-02e2e29ab213-document.msapp"},"imageUris":[],"additionalUris":[]},"createdTime":"0001-01-01T00:00:00Z","lastModifiedTime":"0001-01-01T00:00:00Z","sharedGroupsCount":0,"sharedUsersCount":0,"icons":{"smallIconUri":"/15872077052334349239/N2c5874ea-335a-4eca-b915-e420907b427a-small.png","mediumIconUri":"/15872077052334349239/N00211ff0-c535-423b-b3b7-18b1f89a64de-medium.png","largeIconUri":"/15872077052334349239/Nce5ec223-2197-4c89-884d-f675c0eef792-large.png","wideIconUri":"/15872077052334349239/Nb3ac7af9-cb91-4d39-b13a-2f25eb04021d-wide.png"},"connectionReferences":{},"databaseReferences":{},"almMode":"Solution","performanceOptimizationEnabled":true,"canConsumeAppPass":true,"enableModernRuntimeMode":false,"executionRestrictions":{"isTeamsOnly":false,"dataLossPreventionEvaluationResult":{"status":"Compliant","lastEvaluationDate":"2022-09-06T21:07:33.9318833Z","violations":[],"violationsByPolicy":[],"violationErrorMessage":"The app uses the following connectors: ."}}},"appType":"ClassicCanvasApp","appComponents":[]}}